Year,Customers_No_Improvements,Revenue_No_Improvements_MWK,Customers_With_Improvements,Revenue_With_Improvements_MWK,Additional_Customers,Additional_Revenue_MWK
1,2465448.707836109,74588221900.58948,4327424.786606193,186930918566.7456,1861976.0787700834,112342696666.15613
2,691168.3647062766,20910197479.884586,2037374.070447106,88008047564.80339,1346205.7057408295,67097850084.91881
3,193763.39359744027,5862002706.412768,959206.2964970839,41434645994.11957,765442.9028996436,35572643287.7068
4,54319.9813758137,1643364476.2584178,451599.30745449173,19507646586.453903,397279.326078678,17864282110.195484
5,15228.162151200724,460703779.4222985,212615.3000018348,9184301354.861195,197387.13785063408,8723597575.438896
