Scenario,Churn_Rate_Percent,Monthly_Revenue_Increase_MWK,Annual_Revenue_Increase_MWK
Current,12.055628794437121,0.0,0.0
Fix Southern Downtime,10.09931514412305,5918515797.339139,71022189568.06967
Fix All Downtime,8.253111463944073,11503911393.025303,138046936716.30365
Customer Upgrades,11.218882460848405,85028807947.7683,1020345695373.2195
Combined Improvements,8.084609092115718,94511053518.68976,1134132642224.277
